1;6;4;0;1169;5;5;4;3;0;4;21;67;43;2;2;3;1;1;0
2;48;2;0;5951;1;3;2;2;0;2;21;22;43;2;1;3;1;0;0
4;12;4;1;2096;1;4;2;3;0;3;21;49;43;2;1;2;2;0;0
1;42;2;2;7882;1;4;2;3;1;4;22;45;43;3;1;3;2;0;0
1;24;3;3;4870;1;3;3;3;0;4;24;53;43;3;2;3;2;0;0
4;36;2;1;9055;5;3;2;3;0;4;24;35;43;3;1;2;2;1;0
4;24;2;2;2835;3;5;3;3;0;4;22;53;43;2;1;3;1;0;0
2;36;2;4;6948;1;3;2;3;0;2;23;35;43;1;1;4;1;1;0
4;12;2;0;3059;4;4;2;1;0;4;21;61;43;2;1;2;1;0;0
2;30;4;3;5234;1;1;4;4;0;2;23;28;43;2;2;4;1;0;0
2;12;2;3;1295;1;2;3;2;0;1;23;25;43;1;1;3;1;0;0
1;48;2;5;4308;1;2;3;2;0;4;22;24;43;1;1;3;1;0;0
2;12;2;0;1567;1;3;1;2;0;1;23;22;43;2;1;3;1;1;0
1;24;4;3;1199;1;5;4;3;0;4;23;60;43;2;2;2;1;0;0
1;15;2;3;1403;1;3;2;2;0;4;23;28;43;1;1;3;1;0;0
1;24;2;0;1282;2;3;4;2;0;2;23;32;43;2;1;2;1;0;0
4;24;4;0;2424;5;5;4;3;0;4;22;53;43;2;2;3;1;0;0
1;30;0;5;8072;5;2;2;3;0;3;23;25;41;2;3;3;1;0;0
2;24;2;4;12579;1;5;4;2;0;2;24;44;43;3;1;4;1;1;0
4;24;2;0;3430;3;5;3;3;0;2;23;31;43;2;1;3;2;1;0
4;9;4;3;2134;1;3;4;3;0;4;23;48;43;2;3;3;1;1;0
1;6;2;0;2647;3;3;2;3;0;3;21;44;43;1;1;3;2;0;0
1;10;4;3;2241;1;2;1;3;0;3;21;48;43;1;2;2;2;0;1
2;12;4;4;1804;2;2;3;3;0;4;22;44;43;2;1;3;1;0;0
4;10;4;2;2069;5;3;2;4;0;1;23;26;43;2;2;3;1;0;1
1;6;2;2;1374;1;3;1;3;0;2;21;36;41;2;1;2;1;1;0
4;6;0;0;426;1;5;4;4;0;4;23;39;43;2;1;2;1;0;0
3;12;1;0;409;4;3;3;2;0;3;21;42;43;1;2;3;1;0;0
2;7;2;0;2415;1;3;3;3;1;2;21;34;43;2;1;3;1;0;0
1;60;3;5;6836;1;5;3;3;0;4;24;63;43;2;2;3;1;1;0
2;18;2;5;1913;4;2;3;4;0;3;21;36;41;2;1;3;1;1;0
1;24;2;2;4020;1;3;2;3;0;2;23;27;42;2;1;3;1;0;0
2;18;2;3;5866;2;3;2;3;0;2;23;30;43;2;2;3;1;1;0
4;12;4;5;1264;5;5;4;3;0;4;24;57;43;1;1;2;1;0;0
3;12;2;2;1474;1;2;4;2;0;1;22;33;41;2;1;4;1;1;0
2;45;4;0;4746;1;2;4;3;0;2;22;25;43;2;2;2;1;0;0
4;48;4;1;6110;1;3;1;3;0;3;24;31;41;3;1;3;1;1;0
3;18;2;0;2100;1;3;4;3;2;2;21;37;42;2;1;3;1;0;0
3;10;2;6;1225;1;3;2;3;0;2;23;37;43;2;1;3;1;1;0
2;9;2;0;458;1;3;4;3;0;3;21;24;43;2;1;3;1;0;0
4;30;2;0;2333;3;5;4;3;0;2;23;30;41;2;1;4;1;0;0
2;12;2;0;1158;3;3;3;1;0;1;23;26;43;2;1;3;1;1;0
2;18;3;7;6204;1;3;2;3;0;4;21;44;43;2;1;2;2;1;0
1;30;4;4;6187;2;4;1;4;0;4;23;24;43;1;2;3;1;0;0
1;48;4;4;6143;1;5;4;2;0;4;24;58;42;3;2;2;1;0;0
4;11;4;3;1393;1;2;4;2;0;4;23;35;43;2;2;4;1;0;0
4;36;2;0;2299;3;5;4;3;0;4;23;39;43;2;1;3;1;0;0
1;6;2;4;1352;3;1;1;2;0;2;22;23;43;1;1;1;1;1;0
4;11;4;3;7228;1;3;1;3;0;4;22;39;43;2;2;2;1;0;0
4;12;2;0;2073;2;3;4;2;2;2;21;28;43;2;1;3;1;0;0
2;24;3;2;2333;5;2;4;3;0;2;22;29;41;2;1;2;1;0;0
2;27;3;4;5965;1;5;1;3;0;2;23;30;43;2;2;4;1;1;0
4;12;2;0;1262;1;3;3;3;0;2;23;25;43;2;1;3;1;0;0
4;18;2;4;3378;5;3;2;3;0;1;22;31;43;2;1;3;1;1;0
2;36;3;3;2225;1;5;4;3;0;4;24;57;41;3;2;3;1;1;0
4;6;1;3;783;5;3;1;3;1;2;21;26;42;2;1;2;2;0;0
2;12;2;0;6468;5;1;2;3;0;1;24;52;43;2;1;4;1;1;0
4;36;4;0;9566;1;3;2;2;0;2;23;31;42;2;2;3;1;0;0
3;18;2;3;1961;1;5;3;2;0;2;23;23;43;2;1;4;1;0;0
1;36;4;2;6229;1;2;4;2;2;4;24;23;43;1;2;2;1;1;0
2;9;2;5;1391;1;3;2;4;0;1;21;27;41;2;1;3;1;1;0
2;15;4;0;1537;5;5;4;3;1;4;21;50;43;2;2;3;1;1;0
2;36;0;5;1953;1;5;4;3;0;4;24;61;43;3;1;4;1;1;0
2;48;0;5;14421;1;3;2;3;0;2;23;25;43;2;1;3;1;1;0
4;24;2;0;3181;1;2;4;2;0;4;22;26;43;2;1;3;1;1;0
4;27;2;7;5190;5;5;4;3;0;4;22;48;43;2;4;3;2;1;0
4;12;2;0;2171;1;2;2;2;0;2;23;29;41;2;1;3;1;0;0
2;12;2;3;1007;4;3;4;4;0;1;21;22;43;2;1;3;1;0;0
4;36;2;1;1819;1;3;4;3;0;4;24;37;42;3;1;3;1;1;0
4;36;2;0;2394;5;3;4;2;0;4;23;25;43;2;1;3;1;0;0
4;36;2;4;8133;1;3;1;2;0;2;22;30;41;2;1;3;1;0;0
4;7;4;0;730;5;5;4;3;0;2;22;46;43;1;2;2;1;1;0
1;8;4;9;1164;1;5;3;3;0;4;24;51;41;3;2;4;2;1;0
2;42;4;5;5954;1;4;2;2;0;1;21;41;41;2;2;2;1;0;0
1;36;2;1;1977;5;5;4;3;0;4;24;40;43;2;1;4;1;1;0
1;12;4;4;1526;1;5;4;3;0;4;24;66;43;3;2;4;1;0;0
1;42;2;0;3965;1;2;4;3;0;3;23;34;43;2;1;3;1;0;0
2;11;3;0;4771;1;4;2;3;0;4;22;51;43;2;1;3;1;0;0
4;54;0;4;9436;5;3;2;3;0;2;22;39;43;2;1;2;2;0;0
2;30;2;2;3832;1;2;2;4;0;1;22;22;43;2;1;3;1;0;0
4;24;2;0;5943;5;2;1;2;0;1;23;44;43;2;2;3;1;1;0
4;15;2;0;1213;3;5;4;3;0;3;22;47;42;2;1;3;1;1;0
4;18;2;5;1568;2;3;3;2;0;4;22;24;43;1;1;2;1;0;0
1;24;2;9;1755;1;5;4;2;1;4;21;58;43;2;1;2;1;1;0
1;10;2;0;2315;1;5;3;3;0;4;21;52;43;2;1;2;1;0;0
4;12;4;5;1412;1;3;4;2;1;2;21;29;43;2;2;4;1;1;0
2;18;4;2;1295;1;2;4;2;0;1;22;27;43;2;2;3;1;0;0
2;36;2;1;12612;2;3;1;3;0;4;24;47;43;3;1;3;2;1;0
1;18;2;3;2249;2;4;4;3;0;3;23;30;43;2;1;4;2;1;0
1;12;0;7;1108;1;4;4;3;0;3;21;28;43;2;2;3;1;0;0
4;12;4;0;618;1;5;4;3;0;4;21;56;43;2;1;3;1;0;0
1;12;4;4;1409;1;5;4;3;0;3;21;54;43;2;1;3;1;0;0
4;12;4;0;797;5;5;4;2;0;3;22;33;41;2;1;2;2;0;0
3;24;4;2;3617;5;5;4;3;2;4;24;20;43;1;2;3;1;0;0
2;12;2;3;1318;4;5;4;3;0;4;21;54;43;2;1;3;1;1;0
2;54;0;5;15945;1;2;3;3;0;4;24;58;43;1;1;3;1;1;0
4;12;4;1;2012;5;4;4;2;0;2;23;61;43;2;1;3;1;0;0
2;18;2;5;2622;2;3;4;3;0;4;23;34;43;2;1;3;1;0;0
2;36;4;0;2337;1;5;4;3;0;4;21;36;43;2;1;3;1;0;0
2;20;3;4;7057;5;4;3;3;0;4;22;36;41;1;2;4;2;1;0
4;24;2;3;1469;2;5;4;4;0;4;21;41;43;1;1;2;1;0;0
2;36;2;0;2323;1;4;4;3;0;4;23;24;43;1;1;3;1;0;0
4;6;3;0;932;1;3;3;2;0;2;21;24;43;2;1;3;1;0;0
2;9;4;2;1919;1;4;4;3;0;3;23;35;43;1;1;3;1;1;0
4;12;2;4;2445;5;2;2;4;0;4;23;26;43;1;1;3;1;1;0
2;24;4;9;11938;1;3;2;3;2;3;23;39;43;2;2;4;2;1;0
4;18;1;3;6458;1;5;2;3;0;4;24;39;41;2;2;4;2;1;0
2;12;2;3;6078;1;4;2;3;0;2;23;32;43;2;1;3;1;0;0
1;24;2;2;7721;5;2;1;2;0;2;22;30;43;2;1;3;1;1;1
2;14;2;5;1410;3;5;1;4;0;2;21;35;43;2;1;3;1;1;0
2;6;3;5;1449;2;5;1;1;0;2;23;31;41;2;2;3;2;0;0
3;15;2;1;392;1;2;4;2;0;4;22;23;43;1;1;3;1;1;0
2;18;2;3;6260;1;4;3;3;0;3;21;28;43;1;1;2;1;0;0
4;36;4;3;7855;1;3;4;2;0;2;21;25;42;2;2;3;1;1;0
1;12;2;0;1680;3;5;3;4;0;1;21;35;43;2;1;3;1;0;0
4;48;4;0;3578;5;5;4;3;0;1;21;47;43;2;1;3;1;1;0
1;42;2;0;7174;5;4;4;2;0;3;23;30;43;2;1;4;1;1;0
1;10;4;2;2132;5;2;2;2;2;3;21;27;43;1;2;3;1;0;1
1;33;4;2;4281;3;3;1;2;0;4;23;23;43;2;2;3;1;0;0
2;12;4;3;2366;3;4;3;1;0;3;23;36;43;2;1;4;1;1;0
1;21;2;0;1835;1;3;3;2;0;2;21;25;43;2;2;3;1;1;0
4;24;4;4;3868;1;5;4;2;0;2;23;41;43;1;2;4;1;1;0
4;12;2;2;1768;1;3;3;3;0;2;21;24;43;1;1;2;1;0;0
3;10;4;3;781;1;5;4;3;0;4;24;63;43;3;2;3;1;1;0
2;18;2;2;1924;5;2;4;2;0;3;21;27;43;1;1;3;1;0;0
1;12;4;3;2121;1;3;4;3;0;2;22;30;43;2;2;3;1;0;0
1;12;2;0;701;1;3;4;4;0;2;21;40;43;2;1;2;1;0;0
2;12;2;7;639;1;3;4;3;0;2;23;30;43;2;1;3;1;0;0
2;12;4;4;1860;1;1;4;3;0;2;23;34;43;2;2;4;1;1;0
1;12;4;3;3499;1;3;3;2;2;2;21;29;43;2;2;3;1;0;0
2;48;2;3;8487;5;4;1;2;0;2;23;24;43;2;1;3;1;0;0
1;36;3;1;6887;1;3;4;3;0;3;22;29;42;2;1;3;1;1;0
4;15;2;2;2708;1;2;2;3;0;3;22;27;41;2;2;2;1;0;0
4;18;2;2;1984;1;3;4;3;0;4;24;47;41;3;2;3;1;0;0
4;60;2;0;10144;2;4;2;2;0;4;21;21;43;2;1;3;1;1;0
4;12;4;0;1240;5;5;4;2;0;2;21;38;43;2;2;3;1;1;0
4;27;3;4;8613;4;3;2;3;0;2;23;27;43;2;2;3;1;0;0
2;12;2;0;766;3;3;4;3;0;3;21;66;43;2;1;2;1;0;0
2;15;4;0;2728;5;4;4;3;1;2;21;35;41;2;3;3;1;1;0
3;12;2;0;1881;1;3;2;2;0;2;23;44;43;1;1;2;1;1;0
3;6;2;3;709;4;2;2;4;0;2;21;27;43;2;1;1;1;0;1
2;36;2;0;4795;1;2;4;2;0;1;24;30;43;2;1;4;1;1;0
1;27;2;0;3416;1;3;3;3;0;2;23;27;43;2;1;4;1;0;0
1;18;2;2;2462;1;3;2;3;0;2;23;22;43;2;1;3;1;0;0
4;21;4;2;2288;1;2;4;2;0;4;22;23;43;2;1;3;1;1;0
2;48;1;5;3566;2;4;4;3;0;2;23;30;43;2;1;3;1;0;0
1;6;4;3;860;1;5;1;2;0;4;24;39;43;2;2;3;1;1;0
4;12;4;3;682;2;4;4;2;0;3;23;51;43;2;2;3;1;1;0
1;36;4;2;5371;1;3;3;3;1;2;22;28;43;2;2;3;1;0;0
4;18;4;0;1582;4;5;4;3;0;4;23;46;43;2;2;3;1;0;0
4;6;2;0;1346;2;5;2;3;0;4;24;42;41;3;1;3;2;1;0
4;10;2;0;1924;1;3;1;3;0;4;22;38;43;2;1;3;1;1;1
3;36;2;0;5848;1;3;4;3;0;1;23;24;43;2;1;3;1;0;0
2;24;4;4;7758;4;5;2;2;0;4;24;29;43;1;1;3;1;0;0
2;24;3;5;6967;2;4;4;3;0;4;23;36;43;1;1;4;1;1;0
1;12;2;2;1282;1;3;2;2;0;4;23;20;43;1;1;3;1;0;0
1;9;4;7;1288;2;5;3;3;1;4;21;48;43;2;2;3;2;0;1
1;12;1;8;339;1;5;4;4;0;1;23;45;41;2;1;2;1;0;0
2;24;2;3;3512;2;4;2;3;0;3;23;38;41;2;2;3;1;1;0
4;6;4;0;1898;5;3;1;3;0;2;21;34;43;2;2;2;2;0;0
4;24;4;0;2872;2;5;3;3;0;4;21;36;43;2;1;3;2;1;0
4;18;4;3;1055;1;2;4;2;0;1;22;30;43;2;2;3;1;0;0
4;15;2;6;1262;3;4;4;3;0;3;22;36;43;2;2;3;1;1;0
2;10;2;3;7308;1;1;2;3;0;4;24;70;41;3;1;4;1;1;0
4;36;2;3;909;3;5;4;3;0;4;22;36;43;2;1;3;1;0;0
4;6;2;2;2978;3;3;1;3;0;2;23;32;43;2;1;3;1;1;0
1;18;2;2;1131;1;1;4;2;0;2;23;33;43;2;1;3;1;0;0
2;11;2;2;1577;4;2;4;2;0;1;21;20;43;2;1;3;1;0;0
4;24;2;2;3972;1;4;2;2;0;4;22;25;43;1;1;3;1;1;0
2;24;4;5;1935;1;5;4;1;0;4;21;31;43;2;2;3;1;1;0
1;15;0;3;950;1;5;4;3;0;3;23;33;43;1;2;3;2;0;0
4;12;2;2;763;1;3;4;2;0;1;21;26;43;2;1;3;1;1;0
2;24;3;2;2064;1;1;3;2;0;2;22;34;43;2;1;4;1;1;0
2;8;2;0;1414;1;3;4;3;1;2;21;33;43;2;1;3;1;0;1
1;21;3;1;3414;1;2;2;3;0;1;22;26;43;2;2;3;1;0;0
4;30;1;4;7485;5;1;4;2;0;1;21;53;41;2;1;4;1;1;0
1;12;2;2;2577;1;3;2;1;0;1;23;42;43;2;1;3;1;0;0
1;6;4;0;338;3;5;4;3;0;4;23;52;43;2;2;3;1;0;0
4;12;2;0;1963;1;4;4;3;0;2;23;31;43;1;2;4;2;1;0
1;21;4;3;571;1;5;4;3;0;4;21;65;43;2;2;3;1;0;0
4;36;3;5;9572;1;2;1;1;0;1;23;28;43;2;2;3;1;0;0
2;36;3;5;4455;1;3;2;1;0;2;21;30;42;2;2;4;1;1;0
1;21;1;3;1647;5;3;4;3;0;2;22;40;43;2;2;2;2;0;0
4;24;4;2;3777;4;3;4;3;0;4;21;50;43;2;1;3;1;1;0
2;18;4;3;884;1;5;4;3;0;4;23;36;41;2;1;3;2;1;0
4;15;4;0;1360;1;3;4;3;0;2;22;31;43;2;2;3;1;0;0
2;9;1;4;5129;1;5;2;2;0;4;24;74;41;3;1;4;2;1;0
2;16;4;3;1175;1;1;2;3;0;3;23;68;43;3;3;1;1;1;0
1;12;2;0;674;2;4;4;4;0;1;22;20;43;2;1;3;1;0;0
2;18;0;2;3244;1;3;1;2;0;4;23;33;41;2;2;3;1;1;0
4;24;2;5;4591;4;3;2;3;0;3;22;54;43;2;3;4;1;1;0
2;48;0;5;3844;2;4;4;3;0;4;24;34;43;3;1;2;2;0;0
2;27;2;5;3915;1;3;4;3;0;2;23;36;43;2;1;3;2;1;0
4;6;2;0;2108;1;4;2;4;0;2;21;29;43;1;1;3;1;0;0
2;45;2;0;3031;2;3;4;3;1;4;22;21;43;1;1;3;1;0;0
2;9;4;1;1501;1;5;2;2;0;3;23;34;43;2;2;4;1;1;0
4;6;4;0;1382;1;3;1;2;0;1;23;28;43;2;2;3;1;1;0
2;12;2;2;951;2;2;4;2;0;4;23;27;41;1;4;3;1;0;0
2;24;2;4;2760;5;5;4;3;0;4;24;36;41;3;1;3;1;1;0
2;18;3;2;4297;1;5;4;1;0;3;24;40;43;2;1;4;1;1;0
4;9;4;1;936;3;5;4;3;0;2;23;52;43;2;2;3;1;1;0
1;12;2;3;1168;1;3;4;4;0;3;21;27;43;2;1;2;1;0;0
4;27;3;5;5117;1;4;3;3;0;4;23;26;43;2;2;3;1;0;0
1;12;2;8;902;1;4;4;4;0;4;22;21;43;1;1;3;1;0;0
4;12;4;3;1495;1;5;4;3;0;1;21;38;43;2;2;2;2;0;0
1;30;4;4;10623;1;5;3;3;0;4;24;38;43;3;3;4;2;1;0
4;12;4;2;1935;1;5;4;3;0;4;21;43;43;2;3;3;1;1;0
2;12;4;6;1424;1;4;4;3;0;3;22;26;43;2;1;3;1;0;0
1;24;2;5;6568;1;3;2;4;0;2;23;21;42;2;1;2;1;0;0
4;12;2;4;1413;4;4;3;3;0;2;22;55;43;2;1;3;1;0;1
4;9;4;0;3074;5;3;1;3;0;2;21;33;43;2;2;3;2;0;0
4;36;2;0;3835;5;5;2;2;0;4;21;45;43;2;1;2;1;1;0
1;27;0;5;5293;1;1;2;3;0;4;22;50;42;2;2;3;1;1;0
3;30;3;5;1908;1;5;4;3;0;4;21;66;43;2;1;4;1;1;0
4;36;4;0;3342;5;5;4;3;0;2;23;51;43;2;1;3;1;1;0
2;6;4;8;932;5;4;1;2;0;3;22;39;43;2;2;2;1;0;0
1;18;0;5;3104;1;4;3;3;0;1;22;31;41;2;1;3;1;1;0
3;36;2;0;3913;1;3;2;3;0;2;21;23;43;2;1;3;1;1;0
1;24;2;2;3021;1;3;2;1;0;2;21;24;43;1;1;2;1;0;0
4;10;2;3;1364;1;3;2;2;0;4;23;64;43;2;1;3;1;1;0
2;12;2;0;625;1;2;4;4;1;1;21;26;41;2;1;2;1;0;0
1;12;2;1;1200;5;3;4;2;0;4;22;23;41;1;1;3;1;1;0
4;12;2;0;707;1;3;4;3;0;2;21;30;41;2;2;3;1;0;0
4;24;3;5;2978;5;3;4;3;0;4;21;32;43;2;2;3;2;1;0
4;15;2;4;4657;1;3;3;3;0;2;23;30;43;2;1;3;1;1;0
4;36;0;7;2613;1;3;4;3;0;2;23;27;43;2;2;3;1;0;0
2;48;2;0;10961;4;4;1;3;2;2;24;27;41;2;2;3;1;1;0
1;12;2;2;7865;1;5;4;3;0;4;24;53;43;3;1;4;1;1;0
4;9;2;0;1478;1;4;4;3;0;2;23;22;43;2;1;3;1;0;0
1;24;2;2;3149;1;2;4;3;0;1;24;22;41;3;1;3;1;0;0
3;36;2;0;4210;1;3;4;3;0;2;23;26;43;2;1;3;1;0;0
4;9;2;3;2507;3;5;2;3;0;4;24;51;43;3;1;2;1;0;0
4;12;2;0;2141;2;4;3;3;0;1;24;35;43;2;1;3;1;0;0
2;18;2;0;866;1;3;4;4;1;2;21;25;43;2;1;2;1;0;0
4;4;4;0;1544;1;4;2;3;0;1;21;42;43;2;3;2;2;0;0
1;24;2;0;1823;1;1;4;3;0;2;23;30;42;2;1;4;2;0;0
2;6;2;3;14555;5;1;1;3;0;2;22;23;43;2;1;1;1;1;0
2;21;2;5;2767;2;5;4;1;0;2;23;61;41;1;2;2;1;0;0
4;12;4;0;1291;1;3;4;2;0;2;22;35;43;2;2;3;1;0;0
1;30;2;0;2522;1;5;1;3;1;3;22;39;43;2;1;3;2;0;0
1;24;2;3;915;5;5;4;2;0;2;23;29;41;2;1;3;1;0;0
4;6;2;0;1595;1;4;3;3;0;2;22;51;43;2;1;3;2;0;0
1;48;0;4;4605;1;5;3;3;0;4;24;24;43;3;2;3;2;0;0
4;12;4;5;1185;1;3;3;2;0;2;21;27;43;2;2;3;1;0;0
4;12;1;8;3447;3;3;4;2;0;3;21;35;43;2;1;2;2;0;0
4;24;2;5;1258;1;4;4;3;0;1;21;25;43;2;1;3;1;1;0
4;12;4;0;717;1;5;4;3;0;4;21;52;43;2;3;3;1;0;0
4;6;0;3;1204;2;3;4;3;0;1;24;35;41;1;1;3;1;0;1
3;24;2;2;1925;1;3;2;3;0;2;21;26;43;2;1;3;1;0;0
4;18;2;0;433;1;1;3;2;2;4;21;22;43;1;1;3;1;0;0
1;6;4;3;666;4;4;3;2;0;4;21;39;43;2;2;2;1;1;0
3;12;2;2;2251;1;3;1;2;0;2;23;46;43;2;1;2;1;0;0
2;30;2;3;2150;1;3;4;2;1;2;24;24;41;2;1;3;1;0;0
4;24;3;2;4151;2;3;2;3;0;3;22;35;43;2;2;3;1;0;0
2;9;2;2;2030;5;4;2;3;0;1;23;24;43;2;1;3;1;1;0
2;60;3;0;7418;5;3;1;3;0;1;21;27;43;2;1;2;1;0;0
4;24;4;0;2684;1;3;4;3;0;2;21;35;43;2;2;2;1;0;0
1;12;1;0;2149;1;3;4;1;0;1;24;29;43;3;1;3;1;0;0
4;15;2;4;3812;2;2;1;2;0;4;23;23;43;2;1;3;1;1;0
4;11;4;0;1154;2;1;4;2;0;4;21;57;43;2;3;2;1;0;0
1;12;2;2;1657;1;3;2;3;0;2;21;27;43;2;1;3;1;0;0
1;24;2;0;1603;1;5;4;2;0;4;23;55;43;2;1;3;1;0;0
1;18;4;3;5302;1;5;2;3;0;4;24;36;43;3;3;4;1;1;0
4;12;4;1;2748;1;5;2;2;0;4;24;57;41;3;3;2;1;0;0
4;10;4;3;1231;1;5;3;3;0;4;21;32;43;2;2;2;2;0;1
2;15;2;0;802;1;5;4;3;0;3;23;37;43;2;1;3;2;0;0
4;36;4;5;6304;5;5;4;3;0;4;21;36;43;2;2;3;1;0;0
4;24;2;0;1533;1;2;4;2;0;3;23;38;42;2;1;3;1;1;0
1;14;2;3;8978;1;5;1;1;0;4;22;45;43;2;1;4;1;1;1
4;24;2;0;999;5;5;4;3;0;2;23;25;43;2;2;3;1;0;0
4;18;2;3;2662;5;4;4;3;0;3;22;32;43;2;1;3;1;0;1
4;12;4;2;1402;3;4;3;2;0;4;23;37;43;1;1;3;1;1;0
2;48;1;3;12169;5;1;4;3;2;4;24;36;43;3;1;4;1;1;0
2;48;2;0;3060;1;4;4;3;0;4;21;28;43;2;2;3;1;0;0
1;30;2;7;11998;1;2;1;1;0;1;24;34;43;2;1;2;1;1;0
4;9;2;0;2697;1;3;1;3;0;2;21;32;43;2;1;3;2;0;0
4;18;4;0;2404;1;3;2;2;0;2;23;26;43;2;2;3;1;0;0
1;12;2;2;1262;5;5;2;1;0;4;22;49;43;2;1;2;1;1;0
4;6;2;2;4611;1;2;1;2;0;4;22;32;43;2;1;3;1;0;0
4;24;2;0;1901;2;3;4;3;0;4;23;29;43;1;1;4;1;1;0
4;15;4;4;3368;4;5;3;3;0;4;24;23;43;1;2;3;1;1;0
4;12;2;2;1574;1;3;4;3;0;2;21;50;43;2;1;3;1;0;0
3;18;1;0;1445;5;4;4;3;0;4;23;49;41;2;1;2;1;0;0
4;15;4;2;1520;5;5;4;3;0;4;22;63;43;2;1;3;1;0;0
2;24;4;3;3878;2;2;4;1;0;2;23;37;43;2;1;3;1;1;0
1;47;2;3;10722;1;2;1;2;0;1;21;35;43;2;1;2;1;1;0
1;48;2;4;4788;1;4;4;3;0;3;22;26;43;2;1;3;2;0;0
2;48;3;9;7582;2;1;2;3;0;4;24;31;43;3;1;4;1;1;0
2;12;2;0;1092;1;3;4;2;1;4;21;49;43;2;2;3;1;1;0
1;24;3;0;1024;1;2;4;4;0;4;21;48;42;2;1;3;1;0;0
4;12;2;5;1076;1;3;2;4;0;2;21;26;43;2;1;3;1;1;1
2;36;2;4;9398;1;2;1;4;0;4;23;28;43;1;1;4;1;1;0
1;24;4;4;6419;1;5;2;2;0;4;24;44;43;3;2;4;2;1;0
3;42;4;4;4796;1;5;4;3;0;4;24;56;43;3;1;3;1;0;0
4;48;4;5;7629;5;5;4;1;0;2;23;46;41;2;2;4;2;0;0
2;48;2;2;9960;1;2;1;2;0;2;23;26;43;2;1;3;1;1;0
4;12;2;4;4675;5;2;1;2;0;4;23;20;43;1;1;3;1;0;0
4;10;2;3;1287;5;5;4;3;2;2;22;45;43;2;1;2;1;0;1
4;18;2;2;2515;1;3;3;3;0;4;21;43;43;2;1;3;1;1;0
2;21;4;2;2745;4;4;3;3;0;2;23;32;43;2;2;3;1;1;0
4;6;2;3;672;1;1;1;2;0;4;21;54;43;2;1;1;1;1;0
2;36;0;0;3804;1;3;4;2;0;1;23;42;43;2;1;3;1;1;0
3;24;4;3;1344;5;4;4;3;0;2;21;37;41;2;2;2;2;0;0
1;10;4;3;1038;1;4;4;3;2;3;22;49;43;2;2;3;1;1;0
4;48;4;3;10127;3;3;2;3;0;2;24;44;41;3;1;3;1;0;0
4;6;2;2;1543;4;3;4;1;0;2;21;33;43;2;1;3;1;0;0
4;30;2;4;4811;5;4;2;2;0;4;22;24;42;1;1;2;1;0;0
1;12;2;0;727;2;2;4;4;0;3;24;33;43;2;1;2;1;1;0
2;8;2;2;1237;1;3;3;2;0;4;21;24;43;2;1;3;1;0;0
2;9;2;3;276;1;3;4;4;0;4;21;22;43;1;1;2;1;0;0
2;48;2;9;5381;5;1;3;3;0;4;24;40;41;3;1;1;1;1;0
4;24;2;2;5511;2;3;4;3;0;1;23;25;42;2;1;3;1;0;0
3;24;2;2;3749;1;2;2;2;0;4;23;26;43;2;1;3;1;0;0
2;12;2;3;685;1;4;2;4;0;3;23;25;41;2;1;2;1;0;0
3;4;2;3;1494;5;2;1;3;0;2;21;29;43;2;1;2;2;0;1
1;36;1;2;2746;1;5;4;3;0;4;23;31;41;2;1;3;1;0;0
1;12;2;2;708;1;3;2;3;1;3;22;38;43;2;1;2;2;0;0
2;24;2;2;4351;5;3;1;2;0;4;22;48;43;2;1;2;1;1;0
4;12;4;1;701;1;3;4;3;0;2;23;32;43;2;2;3;1;0;0
1;15;3;2;3643;1;5;1;2;0;4;22;27;43;2;2;2;1;0;0
2;30;4;3;4249;1;1;4;4;0;2;23;28;43;2;2;4;1;0;0
1;24;2;0;1938;1;2;4;1;0;3;22;32;43;2;1;3;1;0;0
1;24;2;4;2910;1;4;2;3;0;1;24;34;43;3;1;4;1;1;0
1;18;2;2;2659;4;3;4;3;0;2;23;28;43;2;1;3;1;0;0
4;18;4;3;1028;1;3;4;2;0;3;21;36;43;2;2;3;1;0;0
1;8;4;3;3398;1;4;1;3;0;4;21;39;43;2;2;2;1;0;1
4;12;4;2;5801;5;5;2;3;0;4;22;49;43;1;1;3;1;1;0
4;24;2;3;1525;4;4;4;2;0;3;23;34;43;2;1;3;2;1;0
3;36;2;0;4473;1;5;4;3;0;2;23;31;43;2;1;3;1;0;0
2;6;2;0;1068;1;5;4;3;0;4;23;28;43;2;1;3;2;0;0
1;24;4;4;6615;1;1;2;3;0;4;24;75;43;3;2;4;1;1;0
4;18;4;1;1864;2;3;4;2;0;2;21;30;43;2;2;3;1;0;0
2;60;2;3;7408;2;2;4;2;0;2;22;24;43;2;1;4;1;0;0
4;48;4;4;11590;2;3;2;2;0;4;23;24;41;1;2;2;1;0;0
1;24;0;2;4110;1;5;3;3;0;4;24;23;41;1;2;3;2;0;0
1;6;4;2;3384;1;3;1;1;0;4;21;44;43;1;1;4;1;1;0
2;13;2;0;2101;1;2;2;2;1;4;22;23;43;2;1;2;1;0;0
1;15;2;6;1275;5;3;4;2;0;2;23;24;43;1;1;3;1;0;0
1;24;2;2;4169;1;3;4;3;0;4;22;28;43;2;1;3;1;0;0
2;10;2;2;1521;1;3;4;1;0;2;23;31;43;2;1;2;1;0;0
2;24;4;1;5743;1;2;2;2;0;4;24;24;43;3;2;3;1;1;0
1;21;2;2;3599;1;4;1;2;0;4;23;26;43;1;1;2;1;0;0
2;18;2;0;3213;3;2;1;4;0;3;21;25;43;1;1;3;1;0;0
2;18;2;5;4439;1;5;1;3;2;1;21;33;41;2;1;4;1;1;0
3;10;2;3;3949;1;2;1;3;1;1;22;37;43;2;1;2;2;0;0
4;15;4;0;1459;1;3;4;2;0;2;23;43;43;2;1;2;1;0;0
2;13;4;0;882;1;2;4;3;1;4;21;23;43;2;2;3;1;0;0
2;24;2;0;3758;3;1;1;2;0;4;24;23;43;1;1;1;1;0;0
4;6;3;5;1743;2;3;1;3;0;2;21;34;43;2;2;2;1;0;0
2;9;4;1;1136;4;5;4;3;0;3;24;32;43;3;2;3;2;0;0
4;9;2;6;1236;1;2;1;2;0;4;21;23;43;1;1;3;1;1;0
2;9;2;2;959;1;3;1;2;0;2;23;29;43;2;1;3;1;0;1
4;18;4;4;3229;5;1;2;3;0;4;24;38;43;2;1;4;1;1;0
1;12;0;0;6199;1;3;4;3;0;2;22;28;43;1;2;3;1;1;0
4;10;2;1;727;3;5;4;3;0;4;24;46;43;3;1;3;1;1;0
2;24;2;3;1246;1;2;4;3;0;2;21;23;42;2;1;2;1;0;0
4;12;4;0;2331;5;5;1;3;2;4;21;49;43;2;1;3;1;1;0
4;36;3;0;4463;1;3;4;3;0;2;23;26;43;2;2;4;1;1;0
4;12;2;0;776;1;3;4;4;0;2;21;28;43;2;1;3;1;0;0
1;30;2;2;2406;1;4;4;2;0;4;21;23;43;1;1;3;1;0;0
2;18;2;1;1239;5;3;4;3;0;4;24;61;43;3;1;3;1;0;0
3;12;2;0;3399;5;5;2;3;0;3;23;37;43;2;1;4;1;0;0
3;12;3;3;2247;1;3;2;2;0;2;23;36;42;2;2;3;1;1;0
4;6;2;2;1766;1;3;1;4;0;2;22;21;43;1;1;3;1;0;0
1;18;2;2;2473;1;1;4;3;0;1;23;25;43;2;1;1;1;0;0
4;12;2;5;1542;1;4;2;3;0;4;23;36;43;2;1;3;1;1;0
4;18;4;4;3850;1;4;3;3;0;1;23;27;43;2;2;3;1;0;0
1;18;2;2;3650;1;2;1;2;0;4;23;22;43;1;1;3;1;0;0
1;36;2;2;3446;1;5;4;3;0;2;23;42;43;2;1;3;2;0;0
2;18;2;2;3001;1;4;2;2;0;4;21;40;43;1;1;3;1;0;0
4;36;2;3;3079;5;3;4;3;0;4;21;36;43;2;1;3;1;0;0
4;18;4;0;6070;1;5;3;3;0;4;23;33;43;2;2;3;1;1;0
4;10;4;2;2146;1;2;1;2;0;3;21;23;43;1;2;3;1;0;0
4;60;4;3;13756;5;5;2;3;0;4;24;63;41;3;1;4;1;1;0
2;60;1;9;14782;2;5;3;2;0;4;24;60;41;3;2;4;1;1;0
1;48;1;5;7685;1;4;2;2;1;4;23;37;43;1;1;3;1;0;0
4;18;3;0;2320;1;1;2;4;0;3;21;34;43;2;2;3;1;0;0
4;7;3;0;846;5;5;3;3;0;4;24;36;43;3;1;3;1;0;0
2;36;2;3;14318;1;5;4;3;0;2;24;57;43;3;1;4;1;1;0
4;6;4;3;362;2;3;4;2;0;4;23;52;43;2;2;2;1;0;0
1;20;2;2;2212;5;4;4;3;0;4;23;39;43;2;1;3;1;1;0
2;18;2;4;12976;1;1;3;2;0;4;24;38;43;3;1;4;1;1;0
4;22;2;3;1283;5;4;4;2;0;4;22;25;43;1;1;3;1;0;0
3;12;2;3;1330;1;2;4;3;0;1;21;26;43;2;1;3;1;0;0
4;30;3;5;4272;2;3;2;3;0;2;22;26;43;2;2;2;1;0;0
4;18;4;0;2238;1;3;2;2;0;1;23;25;43;2;2;3;1;0;0
4;18;2;0;1126;5;2;4;2;0;2;21;21;43;1;1;3;1;1;0
2;18;4;2;7374;1;1;4;3;0;4;22;40;42;2;2;4;1;1;0
2;15;4;5;2326;3;3;2;3;0;4;23;27;41;2;1;3;1;0;0
4;9;2;5;1449;1;4;3;2;0;2;23;27;43;2;2;3;1;0;0
4;18;2;3;1820;1;3;2;4;0;2;22;30;43;2;1;4;1;1;0
2;12;2;2;983;4;2;1;2;0;4;21;19;43;1;1;2;1;0;0
1;36;2;3;3249;1;4;2;3;0;4;24;39;41;3;1;4;2;1;0
1;6;4;0;1957;1;4;1;2;0;4;23;31;43;2;1;3;1;0;0
4;9;4;2;2406;1;1;2;3;0;3;23;31;43;2;1;4;1;0;0
2;39;3;1;11760;2;4;2;3;0;3;24;32;43;1;1;3;1;1;0
1;12;2;2;2578;1;1;3;2;0;4;24;55;43;3;1;4;1;0;0
1;36;4;2;2348;1;3;3;4;0;2;22;46;43;2;2;3;1;1;0
2;12;2;3;1223;1;5;1;1;0;1;21;46;43;1;2;3;1;0;0
4;24;4;0;1516;4;3;4;2;0;1;21;43;43;2;2;2;1;0;0
4;18;2;0;1473;1;2;3;4;0;4;21;39;43;2;1;3;1;1;0
2;18;4;5;1887;5;3;4;4;0;4;21;28;41;2;2;3;1;0;0
4;24;3;5;8648;1;2;2;3;0;2;23;27;41;2;2;3;1;1;0
4;14;3;3;802;1;3;4;3;0;2;23;27;43;2;2;2;1;0;0
2;18;3;3;2899;5;5;4;3;0;4;23;43;43;2;1;3;2;0;0
2;24;2;0;2039;1;2;1;4;0;1;22;22;43;2;1;3;1;1;0
4;24;4;4;2197;5;4;4;3;0;4;23;43;43;2;2;3;2;1;0
1;15;2;0;1053;1;2;4;4;0;2;21;27;43;2;1;3;1;0;1
4;24;2;0;3235;3;5;3;1;0;2;23;26;43;2;1;4;1;1;0
3;12;4;3;939;3;4;4;4;0;2;21;28;43;2;3;3;1;1;0
2;24;2;0;1967;1;5;4;2;0;4;23;20;43;2;1;3;1;1;0
4;33;4;4;7253;1;4;3;3;0;2;23;35;43;2;2;4;1;1;0
4;12;4;5;2292;1;1;4;3;0;2;23;42;42;2;2;4;1;1;0
4;10;2;3;1597;3;3;3;3;0;2;24;40;43;1;1;2;2;0;1
1;24;2;3;1381;5;3;4;2;0;2;22;35;43;2;1;3;1;0;0
4;36;4;4;5842;1;5;2;3;0;2;22;35;43;2;2;3;2;1;0
1;12;2;3;2579;1;2;4;3;0;1;21;33;43;2;1;2;2;0;0
1;18;3;1;8471;5;3;1;2;0;2;23;23;43;1;2;3;1;1;0
4;21;2;3;2782;3;4;1;2;0;2;23;31;41;2;1;4;1;0;0
2;18;2;3;1042;5;3;4;2;0;2;22;33;43;2;1;3;1;0;0
4;15;2;3;3186;4;4;2;2;0;3;23;20;43;1;1;3;1;0;0
2;12;2;4;2028;5;3;4;3;0;2;23;30;43;2;1;3;1;0;0
2;12;4;3;958;1;4;2;3;0;3;21;47;43;2;2;2;2;0;0
4;21;3;2;1591;2;4;4;3;0;3;21;34;43;2;2;4;1;0;0
2;12;2;2;2762;5;5;1;2;0;2;22;25;41;2;1;3;1;1;0
2;18;2;4;2779;1;3;1;4;0;3;23;21;43;1;1;3;1;1;0
4;28;4;0;2743;1;5;4;3;0;2;23;29;43;2;2;3;1;0;0
4;18;4;0;1149;4;3;4;3;0;3;21;46;43;2;2;3;1;0;0
4;9;2;2;1313;1;5;1;3;0;4;23;20;43;2;1;3;1;0;0
1;18;4;7;1190;1;1;2;2;0;4;24;55;43;3;3;1;2;0;0
4;5;2;5;3448;1;4;1;3;0;4;21;74;43;2;1;2;1;0;0
2;24;2;9;11328;1;3;2;3;2;3;23;29;41;2;2;4;1;1;0
1;6;4;2;1872;1;1;4;3;0;4;24;36;43;3;3;4;1;1;0
4;24;4;7;2058;1;3;4;1;0;2;21;33;43;2;2;3;1;1;0
1;9;2;2;2136;1;3;3;3;0;2;21;25;43;2;1;3;1;0;0
2;12;2;0;1484;5;3;2;4;0;1;21;25;43;2;1;3;1;1;0
4;6;2;7;660;3;4;2;4;0;4;21;23;43;1;1;2;1;0;0
4;24;4;3;1287;4;5;4;2;0;4;21;37;43;2;2;3;1;1;0
1;42;4;7;3394;1;1;4;3;2;4;23;65;43;2;2;1;1;0;0
3;12;1;5;609;1;2;4;2;0;1;21;26;43;2;1;1;1;0;0
4;12;2;3;1884;1;5;4;3;0;4;23;39;43;2;1;4;1;1;0
1;12;2;2;1620;1;3;2;2;2;3;22;30;43;2;1;3;1;0;0
2;20;3;9;2629;1;3;2;3;0;3;23;29;41;2;2;3;1;1;0
4;12;2;1;719;1;5;4;3;0;4;23;41;41;2;1;2;2;0;0
2;48;4;2;5096;1;3;2;2;0;3;23;30;43;2;1;4;1;1;0
4;9;4;1;1244;5;5;4;2;0;4;22;41;43;1;2;2;1;0;0
1;36;2;3;1842;1;2;4;2;0;4;23;34;43;2;1;3;1;1;0
2;7;2;0;2576;1;3;2;3;1;2;21;35;43;2;1;3;1;0;0
3;12;2;2;1424;5;5;3;2;0;4;21;55;43;2;1;4;1;1;0
2;15;3;7;1512;4;3;3;4;0;3;22;61;42;2;2;3;1;0;0
4;36;4;4;11054;5;3;4;3;0;2;23;30;43;2;1;4;1;1;0
4;6;2;0;518;1;3;3;2;0;1;21;29;43;2;1;3;1;0;0
4;12;0;2;2759;1;5;2;3;0;4;22;34;43;2;2;3;1;0;0
4;24;2;4;2670;1;5;4;3;0;4;23;35;43;2;1;4;1;1;0
1;24;2;3;4817;1;4;2;3;2;3;22;31;43;2;1;3;1;1;0
4;24;2;4;2679;1;2;4;2;0;1;24;29;43;2;1;4;1;1;0
1;11;4;3;3905;1;3;2;3;0;2;21;36;43;1;2;3;2;0;0
1;12;2;4;3386;1;5;3;3;0;4;24;35;43;3;1;3;1;1;0
1;6;2;6;343;1;2;4;2;0;1;21;27;43;2;1;3;1;0;0
4;18;2;0;4594;1;2;3;3;0;2;23;32;43;2;1;3;1;1;0
1;36;2;2;3620;1;3;1;3;1;2;22;37;43;2;1;3;2;0;0
1;15;2;3;1721;1;2;2;3;0;3;21;36;43;2;1;3;1;0;0
2;12;2;2;3017;1;2;3;2;0;1;21;34;43;1;1;4;1;0;0
2;12;2;8;754;5;5;4;3;0;4;22;38;43;2;2;3;1;0;0
4;18;2;5;1950;1;4;4;3;0;1;23;34;42;2;2;3;1;1;0
1;24;2;4;2924;1;3;3;3;1;4;24;63;41;2;1;3;2;1;0
1;24;3;0;1659;1;2;4;2;0;2;23;29;43;1;1;2;1;1;0
4;48;3;0;7238;5;5;3;3;0;3;23;32;41;2;2;3;2;0;0
4;33;3;5;2764;1;3;2;2;0;2;23;26;43;2;2;3;1;1;0
4;24;3;4;4679;1;4;3;3;0;3;23;35;43;2;2;2;1;1;0
2;24;2;0;3092;2;2;3;4;0;2;23;22;43;1;1;3;1;1;0
1;6;2;1;448;1;2;4;2;0;4;22;23;43;2;1;3;1;0;0
1;9;2;3;654;1;3;4;3;0;3;23;28;43;2;1;2;1;0;0
4;6;2;8;1238;5;1;4;3;0;4;22;36;43;2;1;4;2;1;0
2;18;4;0;1245;1;3;4;4;0;2;23;33;43;2;1;3;1;0;0
1;18;0;2;3114;1;2;1;2;0;4;22;26;43;1;1;3;1;0;0
4;39;2;4;2569;3;3;4;3;0;4;23;24;43;2;1;3;1;0;0
3;24;2;0;5152;1;4;4;3;0;2;23;25;41;2;1;3;1;0;0
2;12;2;5;1037;2;4;3;3;0;4;21;39;43;2;1;2;1;0;0
1;15;4;2;1478;1;5;4;3;0;4;23;44;43;2;2;3;2;1;0
2;12;4;0;3573;1;3;1;2;0;1;21;23;43;2;1;2;1;0;0
2;24;2;3;1201;1;2;4;3;0;1;22;26;43;2;1;3;1;0;0
1;30;2;2;3622;4;5;4;2;0;4;22;57;43;1;2;3;1;1;0
4;15;3;2;960;4;4;3;2;0;2;22;30;43;2;2;3;1;0;0
4;12;4;3;1163;3;3;4;3;0;4;21;44;43;2;1;3;1;1;0
2;6;3;3;1209;1;1;4;3;0;4;22;47;43;2;1;4;1;1;0
4;12;2;0;3077;1;3;2;3;0;4;23;52;43;2;1;3;1;1;0
4;24;2;3;3757;1;5;4;2;2;4;24;62;43;3;1;3;1;1;0
4;10;2;3;1418;2;3;3;3;0;2;21;35;43;1;1;2;1;0;1
4;6;2;3;3518;1;3;2;3;1;3;22;26;43;1;1;3;1;0;0
4;12;4;0;1934;1;5;2;3;0;2;24;26;43;2;2;3;1;0;0
2;27;0;5;8318;1;5;2;2;0;4;24;42;43;3;2;4;1;1;0
4;6;4;0;1237;2;3;1;2;0;1;22;27;43;2;2;3;1;0;0
2;6;2;0;368;5;5;4;3;0;4;22;38;43;2;1;3;1;0;0
1;12;4;3;2122;1;3;3;3;0;2;21;39;43;1;2;2;2;0;1
1;24;2;2;2996;5;3;2;4;0;4;23;20;43;2;1;3;1;0;0
2;36;2;2;9034;2;2;4;3;2;1;24;29;43;1;1;4;1;1;0
4;24;4;2;1585;1;4;4;3;0;3;22;40;43;2;2;3;1;0;0
2;18;2;0;1301;1;5;4;4;1;2;21;32;43;2;1;2;1;0;0
3;6;4;3;1323;2;5;2;1;0;4;23;28;43;2;2;3;2;1;0
1;24;2;3;3123;1;2;4;2;0;1;22;27;43;2;1;3;1;0;0
1;36;2;4;5493;1;5;2;3;0;4;24;42;43;3;1;3;2;0;0
3;9;2;0;1126;2;5;2;1;0;4;21;49;43;2;1;3;1;0;0
2;24;4;0;1216;2;2;4;3;0;4;24;38;41;2;2;3;2;0;0
1;24;2;3;1207;1;2;4;2;0;4;22;24;43;1;1;3;1;0;0
4;10;2;3;1309;5;3;4;3;1;4;22;27;43;2;1;2;1;0;0
3;15;4;4;2360;3;3;2;3;0;2;23;36;43;2;1;3;1;1;0
2;15;1;3;6850;2;1;1;3;0;2;22;34;43;2;1;4;2;1;0
4;24;2;0;1413;1;3;4;4;0;2;22;28;43;2;1;3;1;0;0
4;39;2;4;8588;2;5;4;3;0;2;23;45;43;2;1;4;1;1;0
1;12;2;3;759;1;4;4;3;0;2;21;26;43;2;1;3;1;0;0
4;36;2;4;4686;1;3;2;3;0;2;24;32;43;3;1;4;1;1;0
3;15;2;5;2687;1;4;2;3;0;4;22;26;43;1;1;3;1;1;0
2;12;3;0;585;1;3;4;4;2;4;21;20;43;1;2;3;1;0;0
4;24;2;3;2255;5;2;4;3;0;1;22;54;43;2;1;3;1;0;0
1;6;4;3;609;1;4;4;2;0;3;22;37;43;2;2;3;1;0;1
1;6;4;3;1361;1;2;2;3;0;4;21;40;43;2;1;2;2;0;1
4;36;4;2;7127;1;2;2;2;0;4;22;23;43;1;2;3;1;1;0
1;6;2;3;1203;2;5;3;3;0;2;22;43;43;2;1;3;1;1;0
4;6;4;0;700;5;5;4;3;0;4;24;36;43;3;2;3;1;0;0
4;24;4;7;5507;1;5;3;3;0;4;24;44;43;3;2;3;1;0;0
1;18;2;0;3190;1;3;2;2;0;2;21;24;43;2;1;3;1;0;0
1;48;0;2;7119;1;3;3;3;0;4;24;53;43;3;2;3;2;0;0
4;24;2;4;3488;2;4;3;2;0;4;23;23;43;2;1;3;1;0;0
2;18;2;0;1113;1;3;4;2;1;4;21;26;43;2;1;2;2;0;0
2;26;2;4;7966;1;2;2;3;0;3;23;30;43;2;2;3;1;0;0
4;15;4;1;1532;2;3;4;2;0;3;23;31;43;2;1;3;1;0;0
4;4;4;0;1503;1;4;2;3;0;1;21;42;43;2;2;2;2;0;0
1;36;2;0;2302;1;3;4;1;0;4;23;31;43;1;1;3;1;0;0
1;6;2;3;662;1;2;3;3;0;4;21;41;43;2;1;2;2;1;0
2;36;2;1;2273;1;4;3;3;0;1;23;32;43;2;2;3;2;0;0
2;15;2;3;2631;2;3;2;2;0;4;23;28;43;1;2;3;1;1;0
4;12;3;4;1503;1;3;4;4;0;4;21;41;43;1;1;3;1;0;0
4;24;2;0;1311;2;4;4;4;0;3;22;26;43;2;1;3;1;1;0
4;24;2;0;3105;5;2;4;3;0;2;23;25;43;2;2;3;1;0;0
3;21;4;1;2319;1;2;2;1;0;1;23;33;43;1;1;3;1;0;0
1;6;2;3;1374;5;1;4;2;0;3;22;75;43;2;1;4;1;1;0
2;18;4;2;3612;1;5;3;2;0;4;22;37;43;2;1;3;1;1;0
1;48;2;3;7763;1;5;4;3;0;4;24;42;41;3;1;4;1;0;0
3;18;2;2;3049;1;2;1;2;0;1;22;45;42;2;1;2;1;0;0
2;12;2;0;1534;1;2;1;4;0;1;21;23;43;1;1;3;1;0;0
4;24;3;3;2032;1;5;4;3;0;4;24;60;43;3;2;3;1;1;0
1;30;2;2;6350;5;5;4;3;0;4;22;31;43;2;1;3;1;0;0
3;18;2;2;2864;1;3;2;3;0;1;21;34;43;2;1;2;2;0;0
4;12;4;3;1255;1;5;4;3;0;4;21;61;43;2;2;2;1;0;0
1;24;3;3;1333;1;1;4;3;0;2;21;43;43;3;2;3;2;0;0
4;24;4;3;2022;1;3;4;2;0;4;23;37;43;2;1;3;1;1;0
4;24;2;0;1552;1;4;3;3;0;1;23;32;41;2;1;3;2;0;0
1;12;1;0;626;1;3;4;2;0;4;21;24;41;2;1;2;1;0;0
4;48;4;4;8858;5;4;2;3;0;1;24;35;43;3;2;3;1;1;0
4;12;4;7;996;5;4;4;2;0;4;21;23;43;2;2;3;1;0;0
4;6;1;0;1750;3;5;2;3;0;4;22;45;41;2;1;2;2;0;0
1;48;2;0;6999;1;4;1;4;1;1;21;34;43;2;2;3;1;1;0
2;12;4;3;1995;2;2;4;3;0;1;23;27;43;2;1;3;1;0;0
2;9;2;1;1199;1;4;4;2;0;4;22;67;43;2;2;4;1;1;0
2;12;2;0;1331;1;2;2;3;0;1;23;22;42;2;1;3;1;0;0
2;18;0;3;2278;2;2;3;2;0;3;23;28;43;2;2;3;1;0;0
4;21;0;3;5003;5;3;1;2;0;4;22;29;41;2;2;3;1;1;0
1;24;1;2;3552;1;4;3;3;0;4;23;27;41;2;1;3;1;0;0
2;18;4;2;1928;1;2;2;3;0;2;21;31;43;2;2;2;1;0;0
1;24;2;4;2964;5;5;4;3;0;4;24;49;41;3;1;3;2;1;0
1;24;1;0;1546;1;4;4;3;1;4;23;24;41;1;1;2;1;0;0
3;6;3;0;683;1;2;2;2;0;1;22;29;41;2;1;3;1;0;0
2;36;2;3;12389;5;3;1;3;0;4;24;37;43;3;1;3;1;1;0
2;24;3;5;4712;5;3;4;3;0;2;22;37;41;2;2;4;1;1;0
2;24;3;0;1553;2;4;3;2;0;2;22;23;43;1;2;3;1;1;0
1;12;2;3;1372;1;4;2;1;0;3;23;36;43;2;1;3;1;0;0
4;24;4;0;2578;4;5;2;3;0;2;23;34;43;2;1;3;1;0;0
2;48;2;0;3979;5;4;4;3;0;1;23;41;43;2;2;3;2;1;0
1;48;2;0;6758;1;3;3;2;0;2;23;31;43;2;1;3;1;1;0
1;24;2;2;3234;1;2;4;2;0;4;21;23;43;1;1;2;1;1;0
4;30;4;0;5954;1;4;3;3;2;2;23;38;43;2;1;3;1;0;0
4;24;2;4;5433;5;1;2;2;0;4;22;26;43;1;1;4;1;1;0
1;15;2;5;806;1;3;4;2;0;4;22;22;43;2;1;2;1;0;0
2;9;2;0;1082;1;5;4;3;0;4;23;27;43;2;2;2;1;0;0
4;15;4;2;2788;1;4;2;2;2;3;23;24;41;2;2;3;1;0;0
2;12;2;0;2930;1;4;2;2;0;1;21;27;43;2;1;3;1;0;0
4;24;4;1;1927;5;3;3;2;0;2;23;33;43;2;2;3;1;1;0
2;36;4;3;2820;1;2;4;1;0;4;23;27;43;2;2;3;1;0;0
4;24;2;8;937;1;2;4;4;0;3;23;27;43;2;2;2;1;0;0
2;18;4;3;1056;1;5;3;3;1;3;21;30;41;2;2;3;1;0;0
2;12;4;3;3124;1;2;1;3;0;3;21;49;41;2;2;2;2;0;0
4;9;2;2;1388;1;3;4;2;0;2;21;26;43;1;1;3;1;0;0
2;36;2;7;2384;1;2;4;3;0;1;24;33;43;1;1;2;1;0;0
4;12;2;3;2133;5;5;4;2;0;4;24;52;43;3;1;4;1;1;0
1;18;2;2;2039;1;3;1;2;0;4;21;20;41;1;1;3;1;0;0
1;9;4;3;2799;1;3;2;3;0;2;21;36;43;1;2;3;2;0;0
1;12;2;2;1289;1;3;4;3;1;1;22;21;43;2;1;2;1;0;0
1;18;2;6;1217;1;3;4;4;0;3;21;47;43;2;1;2;1;1;0
1;12;4;2;2246;1;5;3;3;0;3;22;60;43;2;2;3;1;0;0
1;12;4;0;385;1;4;4;2;0;3;21;58;43;2;4;2;1;1;0
2;24;3;3;1965;5;3;4;2;0;4;23;42;43;1;2;3;1;1;0
4;21;2;5;1572;4;5;4;2;0;4;21;36;41;2;1;2;1;0;0
2;24;2;3;2718;1;3;3;2;0;4;22;20;43;1;1;2;1;1;0
1;24;1;9;1358;5;5;4;3;0;3;23;40;42;2;1;4;1;1;0
2;6;1;3;931;2;2;1;2;0;1;22;32;42;2;1;2;1;0;0
1;24;2;3;1442;1;4;4;2;0;4;23;23;43;1;2;3;1;0;0
2;24;0;5;4241;1;3;1;3;0;4;21;36;43;2;3;2;1;1;0
4;18;4;3;2775;1;4;2;3;0;2;22;31;41;2;2;3;1;0;0
4;24;3;5;3863;1;3;1;3;0;2;24;32;43;3;1;3;1;0;0
2;7;2;0;2329;1;2;1;2;1;1;21;45;43;2;1;3;1;0;0
2;9;2;2;918;1;3;4;2;0;1;22;30;43;2;1;3;1;0;0
2;24;1;1;1837;1;4;4;2;0;4;24;34;41;3;1;2;1;0;0
4;36;2;2;3349;1;3;4;2;0;2;23;28;43;2;1;4;1;1;0
3;10;2;2;1275;1;2;4;2;0;2;22;23;43;2;1;3;1;0;0
1;24;1;2;2828;3;3;4;3;0;4;21;22;42;2;1;3;1;1;0
4;24;4;5;4526;1;3;3;3;0;2;21;74;43;2;1;4;1;1;0
2;36;2;0;2671;2;3;4;2;2;4;24;50;43;3;1;3;1;0;0
4;18;2;0;2051;1;2;4;3;0;1;21;33;43;2;1;3;1;0;0
4;15;2;4;1300;5;5;4;3;0;4;24;45;41;3;1;3;2;0;0
1;12;2;6;741;2;1;4;2;0;3;22;22;43;2;1;3;1;0;0
3;10;2;3;1240;2;5;1;2;0;4;24;48;43;3;1;2;2;0;0
1;21;2;0;3357;4;2;4;2;0;2;23;29;41;2;1;3;1;0;0
1;24;1;4;3632;1;3;1;2;1;4;23;22;41;1;1;3;1;0;1
4;18;3;2;1808;1;4;4;2;0;1;21;22;43;2;1;3;1;0;0
2;48;0;5;12204;5;3;2;3;0;2;23;48;41;2;1;4;1;1;0
2;60;3;0;9157;5;3;2;3;0;2;24;27;43;3;1;4;1;0;0
1;6;4;3;3676;1;3;1;3;0;3;21;37;43;1;3;3;2;0;0
2;30;2;2;3441;2;3;2;2;2;4;23;21;43;1;1;3;1;0;0
4;12;2;3;640;1;3;4;1;0;2;21;49;43;2;1;2;1;0;0
2;21;4;5;3652;1;4;2;3;0;3;22;27;43;2;2;3;1;0;0
4;18;4;3;1530;1;3;3;3;0;2;22;32;41;2;2;3;1;0;0
4;48;2;5;3914;5;3;4;1;0;2;21;38;41;2;1;3;1;0;0
1;12;2;2;1858;1;2;4;2;0;1;23;22;43;1;1;3;1;0;0
1;18;2;0;2600;1;3;4;3;0;4;24;65;43;3;2;3;1;0;0
4;15;2;0;1979;5;5;4;3;0;2;23;35;43;2;1;3;1;0;0
3;6;2;2;2116;1;3;2;3;0;2;21;41;43;2;1;3;1;1;0
2;9;1;3;1437;2;4;2;3;0;3;24;29;43;2;1;3;1;0;0
4;42;4;2;4042;3;3;4;3;0;4;21;36;43;2;2;3;1;1;0
4;9;2;1;3832;5;5;1;3;0;4;21;64;43;2;1;2;1;0;0
1;24;2;0;3660;1;3;2;2;0;4;23;28;43;2;1;3;1;0;0
1;18;1;2;1553;1;3;4;3;0;3;23;44;41;2;1;3;1;0;0
2;15;2;0;1444;5;2;4;3;0;1;22;23;43;2;1;3;1;0;0
4;9;2;2;1980;1;2;2;2;2;2;23;19;43;1;2;3;1;0;0
2;24;2;3;1355;1;2;3;2;0;4;23;25;43;2;1;2;1;1;0
4;12;2;1;1393;1;5;4;3;0;4;22;47;41;2;3;3;2;1;0
4;24;2;0;1376;3;4;4;2;0;1;23;28;43;2;1;3;1;0;0
4;60;3;0;15653;1;4;2;3;0;4;23;21;43;2;2;3;1;1;0
4;12;2;0;1493;1;2;4;2;0;3;23;34;43;2;1;3;2;0;0
1;42;3;0;4370;1;4;3;3;0;2;22;26;41;2;2;3;2;1;0
1;18;2;1;750;1;1;4;2;0;1;21;27;43;2;1;1;1;0;0
2;15;2;7;1308;1;5;4;3;0;4;23;38;43;2;2;2;1;0;0
4;15;2;1;4623;2;3;3;3;0;2;22;40;43;2;1;4;1;1;0
4;24;4;0;1851;1;4;4;4;1;2;23;33;43;2;2;3;1;1;0
1;18;4;0;1880;1;4;4;4;0;1;22;32;43;2;2;4;1;1;0
4;36;3;5;7980;5;2;4;3;0;4;23;27;43;1;2;3;1;1;0
1;30;0;2;4583;1;3;2;1;1;2;21;32;43;2;2;3;1;0;0
4;12;2;3;1386;3;3;2;2;0;2;22;26;43;2;1;3;1;0;0
3;24;2;3;947;1;4;4;3;0;3;24;38;41;3;1;3;2;0;0
1;12;2;1;684;1;3;4;3;0;4;23;40;43;1;1;2;2;0;0
1;48;2;1;7476;1;4;4;3;0;1;24;50;43;3;1;4;1;1;0
2;12;2;2;1922;1;3;4;3;0;2;22;37;43;2;1;2;1;0;0
1;24;2;3;2303;1;5;4;3;2;1;21;45;43;2;1;3;1;0;0
2;36;3;3;8086;2;5;2;3;0;4;23;42;43;2;4;4;1;1;0
4;24;4;4;2346;1;4;4;3;0;3;23;35;43;2;2;3;1;1;0
1;14;2;3;3973;1;1;1;3;0;4;24;22;43;3;1;3;1;0;0
2;12;2;3;888;1;5;4;3;0;4;23;41;41;2;1;2;2;0;0
4;48;2;0;10222;5;4;4;3;0;3;23;37;42;2;1;3;1;1;0
2;30;0;5;4221;1;3;2;2;0;1;23;28;43;2;2;3;1;0;0
2;18;4;2;6361;1;5;2;3;0;1;24;41;43;2;1;3;1;1;0
3;12;2;0;1297;1;3;3;4;0;4;21;23;43;1;1;3;1;0;0
1;12;2;3;900;5;3;4;4;0;2;23;23;43;2;1;3;1;0;0
4;21;2;2;2241;1;5;4;3;0;2;21;50;43;2;2;3;1;0;0
2;6;3;2;1050;1;1;4;3;0;1;22;35;42;2;2;4;1;1;0
3;6;4;1;1047;1;3;2;2;0;4;22;50;43;2;1;2;1;0;0
4;24;4;9;6314;1;1;4;3;2;2;24;27;41;2;2;4;1;1;0
2;30;1;2;3496;4;3;4;3;0;2;23;34;42;2;1;3;2;1;0
4;48;1;5;3609;1;3;1;2;0;1;21;27;42;2;1;3;1;0;0
1;12;4;3;4843;1;5;3;3;2;4;22;43;43;1;2;3;1;1;0
3;30;4;0;3017;1;5;4;3;0;4;22;47;43;2;1;3;1;0;0
4;24;4;5;4139;2;3;3;3;0;3;22;27;43;2;2;2;1;1;0
4;36;2;5;5742;2;4;2;3;0;2;23;31;43;2;2;3;1;1;0
4;60;2;3;10366;1;5;2;3;0;4;22;42;43;2;1;4;1;1;0
4;6;4;3;2080;3;3;1;4;0;2;23;24;43;2;1;3;1;0;0
4;21;3;5;2580;3;2;4;3;0;2;21;41;41;2;1;2;2;0;0
4;30;4;0;4530;1;4;4;2;0;4;23;26;43;1;1;4;1;1;0
4;24;4;2;5150;1;5;4;3;0;4;23;33;43;2;1;3;1;1;0
2;72;2;0;5595;2;3;2;4;0;2;23;24;43;2;1;3;1;0;0
1;24;2;0;2384;1;5;4;3;0;4;21;64;41;1;1;2;1;0;0
4;18;2;0;1453;1;2;3;2;0;1;21;26;43;2;1;3;1;0;0
4;6;2;1;1538;1;2;1;2;0;2;24;56;43;2;1;3;1;0;0
4;12;2;0;2279;5;3;4;3;0;4;24;37;43;3;1;3;1;1;0
4;15;3;0;1478;1;3;4;4;0;3;21;33;41;2;2;3;1;0;0
4;24;4;0;5103;1;2;3;4;0;3;24;47;43;3;3;3;1;1;0
2;36;3;5;9857;2;4;1;3;0;3;22;31;43;2;2;2;2;1;0
4;60;2;3;6527;5;3;4;3;0;4;24;34;43;3;1;3;2;1;0
3;10;4;0;1347;5;4;4;3;0;2;22;27;43;2;2;3;1;1;0
2;36;3;3;2862;2;5;4;3;0;3;24;30;43;3;1;3;1;0;0
4;9;2;0;2753;2;5;3;3;2;4;23;35;43;2;1;3;1;1;0
1;12;2;3;3651;4;3;1;3;0;3;22;31;43;2;1;3;2;0;0
1;15;4;2;975;1;3;2;1;0;3;22;25;43;2;2;3;1;0;0
2;15;2;7;2631;2;3;3;2;0;2;21;25;43;2;1;2;1;0;0
2;24;2;0;2896;2;2;2;3;0;1;23;29;43;2;1;3;1;0;0
1;6;4;3;4716;5;2;1;3;0;3;21;44;43;2;2;2;2;0;0
4;24;2;0;2284;1;4;4;3;0;2;23;28;43;2;1;3;1;1;0
4;6;2;4;1236;3;3;2;3;0;4;22;50;43;1;1;3;1;0;0
2;12;2;0;1103;1;4;4;3;1;3;21;29;43;2;2;3;1;0;1
4;12;4;3;926;1;1;1;2;0;2;22;38;43;2;1;1;1;0;0
4;18;4;0;1800;1;3;4;3;0;2;23;24;43;2;2;3;1;0;0
3;15;2;1;1905;1;5;4;3;0;4;23;40;43;1;1;4;1;1;0
4;12;2;2;1123;3;3;4;2;0;4;23;29;43;1;1;2;1;0;0
1;48;4;4;6331;1;5;4;3;0;4;24;46;43;3;2;3;1;1;0
3;24;2;0;1377;2;5;4;2;0;2;24;47;43;3;1;3;1;1;0
2;30;3;5;2503;2;5;4;3;0;2;22;41;42;2;2;3;1;0;0
2;27;2;5;2528;1;2;4;2;0;1;22;32;43;2;1;3;2;1;0
4;15;2;3;5324;3;5;1;2;0;4;24;35;43;3;1;3;1;0;0
2;48;2;3;6560;2;4;3;3;0;2;22;24;43;2;1;3;1;0;0
2;12;0;2;2969;1;2;4;2;0;3;22;25;43;1;2;3;1;0;0
2;9;2;0;1206;1;5;4;2;0;4;21;25;43;2;1;3;1;0;0
2;9;2;0;2118;1;3;2;3;0;2;21;37;43;2;1;2;2;0;0
4;18;4;0;629;3;5;4;3;0;3;22;32;41;2;2;4;1;1;0
1;6;1;1;1198;1;5;4;2;0;4;24;35;43;3;1;3;1;0;0
4;21;2;4;2476;5;5;4;3;0;4;21;46;43;2;1;4;1;1;0
1;9;4;0;1138;1;3;4;3;0;4;21;25;43;2;2;2;1;0;0
2;60;2;3;14027;1;4;4;3;0;2;24;27;43;2;1;4;1;1;0
4;30;4;4;7596;5;5;1;3;0;4;23;63;43;2;2;3;1;0;0
4;30;4;0;3077;5;5;3;3;0;2;23;40;43;2;2;3;2;1;0
4;18;2;0;1505;1;3;4;3;0;2;24;32;43;3;1;4;1;1;0
3;24;4;0;3148;5;3;3;3;0;2;23;31;43;2;2;3;1;1;0
2;20;0;4;6148;2;5;3;4;0;4;23;31;41;2;2;3;1;1;0
3;9;0;0;1337;1;2;4;3;0;2;23;34;43;2;2;4;1;1;0
2;6;1;1;433;4;2;4;2;0;2;22;24;41;1;1;3;2;0;0
1;12;2;3;1228;1;3;4;2;0;2;21;24;43;2;1;2;1;0;0
2;9;2;0;790;3;3;4;2;0;3;21;66;43;2;1;2;1;0;0
4;27;2;3;2570;1;3;3;2;0;3;21;21;43;1;1;3;1;0;0
4;6;4;3;250;4;3;2;2;0;2;21;41;41;2;2;2;1;0;0
4;15;4;0;1316;3;3;2;4;0;2;22;47;43;2;2;2;1;0;0
1;18;2;0;1882;1;3;4;2;0;4;23;25;41;1;2;3;1;0;0
2;48;1;5;6416;1;5;4;2;0;3;24;59;43;1;1;3;1;0;0
3;24;4;5;1275;4;3;2;1;0;4;21;36;43;2;2;3;1;1;0
2;24;3;0;6403;1;2;1;3;0;2;23;33;43;2;1;3;1;0;0
1;24;2;0;1987;1;3;2;3;0;4;21;21;43;1;1;2;2;0;0
2;8;2;0;760;1;4;4;2;1;2;21;44;43;2;1;2;1;0;0
4;24;2;4;2603;4;3;2;2;0;4;23;28;43;1;1;3;1;1;0
4;4;4;3;3380;1;4;1;2;0;1;21;37;43;2;1;3;2;0;0
2;36;1;6;3990;5;2;3;2;0;2;24;29;41;2;1;1;1;0;0
2;24;2;4;11560;1;3;1;2;0;4;23;23;43;1;2;4;1;0;0
1;18;2;3;4380;2;3;3;3;0;4;23;35;43;2;1;2;2;1;0
4;6;4;3;6761;1;4;1;3;0;3;24;45;43;2;2;4;2;1;0
2;30;0;5;4280;2;3;4;2;0;4;23;26;43;1;2;2;1;0;0
1;24;1;3;2325;2;4;2;3;0;3;23;32;41;2;1;3;1;0;0
2;10;1;0;1048;1;3;4;3;0;4;21;23;42;2;1;2;1;0;0
4;21;2;0;3160;5;5;4;3;0;3;22;41;43;2;1;3;1;1;0
1;24;1;2;2483;3;3;4;3;0;4;21;22;42;2;1;3;1;1;0
1;39;4;2;14179;5;4;4;3;0;4;22;30;43;2;2;4;1;1;0
1;13;4;5;1797;1;2;3;3;0;1;22;28;41;2;2;2;1;0;0
1;15;2;3;2511;1;1;1;2;0;4;23;23;43;1;1;3;1;0;0
1;12;2;3;1274;1;2;3;2;0;1;21;37;43;2;1;2;1;0;0
4;21;2;4;5248;5;3;1;3;0;3;23;26;43;2;1;3;1;0;0
4;15;2;4;3029;1;4;2;3;0;2;23;33;43;2;1;3;1;0;0
1;6;2;2;428;1;5;2;2;0;1;22;49;41;2;1;3;1;1;0
1;18;2;3;976;1;2;1;2;0;2;23;23;43;2;1;2;1;0;0
2;12;2;5;841;2;4;2;2;0;4;21;23;43;1;1;2;1;0;0
4;30;4;0;5771;1;4;4;2;0;2;23;25;43;2;2;3;1;0;0
4;12;3;7;1555;4;5;4;3;0;4;24;55;43;3;2;3;2;0;0
1;24;2;3;1285;5;4;4;2;0;4;24;32;43;1;1;3;1;0;0
3;6;4;3;1299;1;3;1;3;0;1;21;74;43;2;3;1;2;0;1
3;15;4;0;1271;5;3;3;3;0;4;24;39;43;3;2;3;1;1;0
4;24;2;3;1393;1;3;2;3;1;2;21;31;43;2;1;3;1;1;0
1;12;4;3;691;1;5;4;3;0;3;22;35;43;2;2;3;1;0;0
4;15;4;3;5045;5;5;1;2;0;4;23;59;43;2;1;3;1;1;0
1;18;4;2;2124;1;3;4;2;0;4;21;24;43;1;2;3;1;0;0
1;12;2;0;2214;1;3;4;3;0;3;22;24;43;2;1;2;1;0;0
4;21;4;3;12680;5;5;4;3;0;4;24;30;43;3;1;4;1;1;0
4;24;4;3;2463;2;4;4;4;0;3;22;27;43;2;2;3;1;1;0
2;12;2;0;1155;1;5;3;4;1;3;21;40;41;2;2;2;1;0;0
1;30;2;2;3108;1;2;2;1;0;4;22;31;43;2;1;2;1;0;0
4;10;2;4;2901;5;2;1;2;0;4;21;31;43;1;1;3;1;0;0
2;12;4;2;3617;1;5;1;3;0;4;23;28;43;1;3;3;1;1;0
4;12;4;0;1655;1;5;2;3;0;4;21;63;43;2;2;2;1;1;0
1;24;2;4;2812;5;5;2;2;0;4;21;26;43;1;1;3;1;0;0
1;36;4;1;8065;1;3;3;2;0;2;24;25;43;2;2;4;1;1;0
4;21;4;4;3275;1;5;1;3;0;4;23;36;43;2;1;4;1;1;0
4;24;4;0;2223;2;5;4;3;0;4;22;52;41;2;2;3;1;0;0
3;12;4;3;1480;3;1;2;3;0;4;24;66;41;3;3;1;1;0;0
1;24;2;3;1371;5;3;4;2;0;4;21;25;43;1;1;3;1;0;0
4;36;4;3;3535;1;4;4;3;0;4;23;37;43;2;2;3;1;1;0
1;18;2;0;3509;1;4;4;2;1;1;21;25;43;2;1;3;1;0;0
4;36;4;4;5711;4;5;4;3;0;2;23;38;43;2;2;4;1;1;0
2;18;2;7;3872;1;1;2;2;0;4;23;67;43;2;1;3;1;1;0
2;39;4;0;4933;1;4;2;3;1;2;21;25;43;2;2;3;1;0;0
4;24;4;3;1940;4;5;4;3;0;4;21;60;43;2;1;3;1;1;0
2;12;0;8;1410;1;3;2;3;0;2;21;31;43;2;1;2;1;1;0
2;12;2;3;836;2;2;4;2;0;2;22;23;41;2;1;2;1;0;0
2;20;2;4;6468;5;1;1;1;0;4;21;60;43;2;1;4;1;1;0
2;18;2;5;1941;4;3;4;3;0;2;22;35;43;2;1;2;1;1;0
4;22;2;0;2675;3;5;3;3;0;4;23;40;43;2;1;3;1;0;0
4;48;4;4;2751;5;5;4;3;0;3;23;38;43;2;2;3;2;1;0
2;48;3;1;6224;1;5;4;3;0;4;24;50;43;3;1;3;1;0;0
1;40;4;1;5998;1;3;4;3;0;3;24;27;41;2;1;3;1;1;0
2;21;2;5;1188;1;5;2;2;0;4;22;39;43;2;1;3;2;0;0
4;24;2;4;6313;5;5;3;3;0;4;23;41;43;2;1;4;2;1;0
4;6;4;2;1221;5;3;1;4;0;2;22;27;43;2;2;3;1;0;0
3;24;2;2;2892;1;5;3;1;0;4;24;51;43;3;1;3;1;0;0
4;24;2;2;3062;3;5;4;3;0;3;24;32;43;1;1;3;1;1;0
4;9;2;2;2301;2;2;2;2;0;4;22;22;43;1;1;3;1;0;0
1;18;2;4;7511;5;5;1;3;0;4;22;51;43;3;1;3;2;1;0
4;12;4;2;1258;1;2;2;2;0;4;22;22;43;1;2;2;1;0;0
4;24;3;3;717;5;5;4;4;0;4;23;54;43;2;2;3;1;1;0
2;9;2;3;1549;5;2;4;3;0;2;21;35;43;2;1;1;1;0;0
4;24;4;1;1597;1;5;4;3;0;4;24;54;43;3;2;3;2;0;0
2;18;4;0;1795;1;5;3;2;1;4;21;48;41;1;2;2;1;1;0
1;20;4;2;4272;1;5;1;2;0;4;22;24;43;2;2;3;1;0;0
4;12;4;0;976;5;5;4;3;0;4;23;35;43;2;2;3;1;0;0
2;12;2;3;7472;5;1;1;2;0;2;21;24;43;1;1;1;1;0;0
1;36;2;3;9271;1;4;2;3;0;1;23;24;43;2;1;3;1;1;0
2;6;2;0;590;1;2;3;4;0;3;21;26;43;2;1;2;1;0;1
4;12;4;0;930;5;5;4;3;0;4;21;65;43;2;4;3;1;0;0
2;42;1;4;9283;1;1;1;3;0;2;24;55;41;3;1;4;1;1;0
2;15;0;3;1778;1;2;2;2;0;1;21;26;43;1;2;1;1;0;0
2;8;2;5;907;1;2;3;4;0;2;21;26;43;2;1;3;1;1;0
2;6;2;0;484;1;4;3;4;1;3;21;28;41;2;1;2;1;0;0
1;36;4;4;9629;1;4;4;3;0;4;23;24;43;2;2;3;1;1;0
1;48;2;6;3051;1;3;3;3;0;4;23;54;43;2;1;3;1;0;0
1;48;2;3;3931;1;4;4;3;0;4;24;46;43;3;1;3;2;0;0
2;36;3;3;7432;1;3;2;2;0;2;22;54;43;1;1;3;1;0;0
4;6;2;6;1338;3;3;1;1;0;4;21;62;43;2;1;3;1;0;0
4;6;4;0;1554;1;4;1;2;0;2;23;24;43;1;2;3;1;1;0
1;36;2;9;15857;1;1;2;1;2;3;23;43;43;2;1;4;1;0;0
1;18;2;0;1345;1;3;4;4;0;3;21;26;41;2;1;3;1;0;0
4;12;2;3;1101;1;3;3;4;0;2;21;27;43;2;2;3;1;1;0
3;12;2;0;3016;1;3;3;4;0;1;23;24;43;2;1;3;1;0;0
1;36;2;2;2712;1;5;2;3;0;2;22;41;41;2;1;3;2;0;0
1;8;4;3;731;1;5;4;3;0;4;21;47;43;2;2;2;1;0;0
4;18;4;2;3780;1;2;3;1;0;2;23;35;43;2;2;4;1;1;0
1;21;4;3;1602;1;5;4;4;0;3;23;30;43;2;2;3;1;1;0
1;18;4;3;3966;1;5;1;2;0;4;21;33;41;1;3;3;1;1;0
4;18;0;5;4165;1;3;2;3;0;2;23;36;42;2;2;3;2;0;0
1;36;2;4;8335;5;5;3;3;0;4;24;47;43;3;1;3;1;0;0
2;48;3;5;6681;5;3;4;3;0;4;24;38;43;3;1;3;2;1;0
4;24;3;5;2375;3;3;4;3;0;2;23;44;43;2;2;3;2;1;0
1;18;2;3;1216;1;2;4;2;0;3;23;23;43;1;1;3;1;1;0
1;45;0;5;11816;1;5;2;3;0;4;23;29;43;1;2;3;1;0;0
2;24;2;0;5084;5;5;2;2;0;4;23;42;43;2;1;3;1;1;0
3;15;2;0;2327;1;2;2;2;0;3;21;25;43;2;1;2;1;0;0
1;12;0;3;1082;1;3;4;3;0;4;23;48;41;2;2;3;1;0;0
4;12;2;0;886;5;3;4;2;0;2;23;21;43;2;1;3;1;0;0
4;4;2;2;601;1;2;1;2;0;3;21;23;43;1;1;2;2;0;0
1;24;4;4;2957;1;5;4;3;0;4;22;63;43;2;2;3;1;1;0
4;24;4;0;2611;1;5;4;4;2;3;21;46;43;2;2;3;1;0;0
1;36;2;2;5179;1;4;4;3;0;2;22;29;43;2;1;3;1;0;0
4;21;3;4;2993;1;3;3;3;0;2;21;28;42;2;2;2;1;0;0
4;18;2;7;1943;1;2;4;2;0;4;21;23;43;2;1;3;1;0;0
4;24;1;5;1559;1;4;4;3;0;4;23;50;41;2;1;3;1;1;0
4;18;2;2;3422;1;5;4;3;0;4;22;47;41;2;3;3;2;1;0
2;21;2;2;3976;5;4;2;3;0;3;23;35;43;2;1;3;1;1;0
4;18;2;3;6761;5;3;2;3;0;4;23;68;43;1;2;3;1;0;0
4;24;2;3;1249;1;2;4;4;0;2;21;28;43;2;1;3;1;0;0
1;9;2;0;1364;1;4;3;3;0;4;21;59;43;2;1;3;1;0;0
1;12;2;0;709;1;5;4;3;0;4;21;57;42;2;1;2;1;0;0
1;20;4;3;2235;1;3;4;4;1;2;22;33;41;1;2;3;1;0;1
4;24;4;4;4042;5;4;3;3;0;4;22;43;43;2;2;3;1;1;0
4;15;4;0;1471;1;3;4;3;0;4;24;35;43;3;2;3;1;1;0
1;18;1;3;1442;1;4;4;3;0;4;24;32;43;3;2;2;2;0;0
4;36;3;3;10875;1;5;2;3;0;2;23;45;43;2;2;3;2;1;0
4;24;2;3;1474;2;2;4;4;0;3;21;33;43;2;1;3;1;1;0
4;10;2;8;894;5;4;4;2;0;3;22;40;43;2;1;3;1;1;0
4;15;4;2;3343;1;3;4;3;0;2;24;28;43;3;1;3;1;1;0
1;15;2;3;3959;1;3;3;2;0;2;22;29;43;2;1;3;1;1;0
4;9;2;3;3577;2;3;1;3;1;2;21;26;43;1;1;3;2;0;1
4;24;4;4;5804;4;3;4;3;0;2;21;27;43;2;2;3;1;0;0
4;18;3;5;2169;1;3;4;4;0;2;23;28;43;2;1;3;1;1;0
1;24;2;0;2439;1;2;4;2;0;4;21;35;43;2;1;3;1;1;0
4;27;4;2;4526;4;2;4;3;0;2;21;32;42;2;2;2;2;1;0
4;10;2;2;2210;1;3;2;3;0;2;21;25;41;1;1;2;1;0;0
4;15;2;2;2221;3;3;2;2;0;4;23;20;43;1;1;3;1;0;0
1;18;2;0;2389;1;2;4;2;0;1;23;27;42;2;1;3;1;0;0
4;12;4;2;3331;1;5;2;3;0;4;22;42;42;2;1;3;1;0;0
4;36;2;5;7409;5;5;3;3;0;2;22;37;43;2;2;3;1;0;0
1;12;2;2;652;1;5;4;2;0;4;22;24;43;1;1;3;1;0;0
4;36;3;2;7678;3;4;2;2;0;4;23;40;43;2;2;3;1;1;0
3;6;4;3;1343;1;5;1;3;0;4;21;46;43;2;2;3;2;0;1
1;24;4;5;1382;2;4;4;3;0;1;21;26;43;2;2;3;1;1;0
4;15;2;6;874;5;2;4;2;0;1;21;24;43;2;1;3;1;0;0
1;12;2;2;3590;1;3;2;3;2;2;22;29;43;2;1;2;2;0;0
2;11;4;3;1322;4;3;4;2;0;4;23;40;43;2;2;3;1;0;0
1;18;1;0;1940;1;2;3;3;2;4;24;36;41;3;1;4;1;1;0
4;36;2;0;3595;1;5;4;3;0;2;23;28;43;2;1;3;1;0;0
1;9;2;3;1422;1;2;3;3;0;2;24;27;43;3;1;4;1;1;0
4;30;4;0;6742;5;4;2;3;0;3;22;36;43;2;2;3;1;0;0
4;24;2;4;7814;1;4;3;3;0;3;23;38;43;2;1;4;1;1;0
4;24;2;4;9277;5;3;2;1;0;4;24;48;43;3;1;3;1;1;0
2;30;4;3;2181;5;5;4;3;0;4;21;36;43;2;2;3;1;0;0
4;18;4;0;1098;1;1;4;2;0;4;23;65;43;2;2;1;1;0;0
2;24;2;2;4057;1;4;3;1;0;3;23;43;43;2;1;3;1;1;0
1;12;2;1;795;1;2;4;2;0;4;22;53;43;2;1;3;1;0;0
2;24;4;5;2825;5;4;4;3;0;3;24;34;43;2;2;3;2;1;0
2;48;2;5;15672;1;3;2;3;0;2;23;23;43;2;1;3;1;1;0
4;36;4;3;6614;1;5;4;3;0;4;23;34;43;2;2;4;1;1;0
4;28;1;4;7824;5;2;3;3;1;4;21;40;41;1;2;3;2;1;0
1;27;4;5;2442;1;5;4;3;0;4;23;43;42;2;4;4;2;1;0
4;15;4;0;1829;1;5;4;3;0;4;23;46;43;2;2;3;1;1;0
1;12;4;3;2171;1;3;4;3;0;4;22;38;41;2;2;2;1;0;1
2;36;4;4;5800;1;3;3;3;0;4;23;34;43;2;2;3;1;1;0
4;18;4;0;1169;5;3;4;3;0;3;22;29;43;2;2;3;1;1;0
4;36;3;4;8947;5;4;3;3;0;2;23;31;42;2;1;4;2;1;0
1;21;2;0;2606;1;2;4;2;0;4;22;28;43;1;1;4;1;1;0
4;12;4;2;1592;4;4;3;2;0;2;22;35;43;2;1;3;1;0;1
4;15;2;2;2186;5;4;1;2;0;4;21;33;41;1;1;2;1;0;0
1;18;2;2;4153;1;3;2;3;2;3;23;42;43;2;1;3;1;0;0
1;16;4;3;2625;1;5;2;3;1;4;22;43;41;1;1;3;1;1;0
4;20;4;3;3485;5;2;2;1;0;4;21;44;43;2;2;3;1;1;0
4;36;4;4;10477;5;5;2;3;0;4;24;42;43;3;2;3;1;0;0
4;15;2;0;1386;5;3;4;4;0;2;21;40;43;1;1;3;1;1;0
4;24;2;0;1278;1;5;4;3;0;1;21;36;43;2;1;4;1;1;0
1;12;2;0;1107;1;3;2;3;0;2;21;20;43;1;1;4;2;1;0
1;21;2;3;3763;5;4;2;3;2;2;21;24;43;2;1;2;1;0;1
2;36;2;1;3711;5;3;2;4;0;2;23;27;43;2;1;3;1;0;0
4;15;3;4;3594;1;2;1;2;0;2;22;46;43;2;2;2;1;0;0
2;9;2;3;3195;5;3;1;2;0;2;21;33;43;2;1;2;1;0;0
4;36;3;0;4454;1;3;4;2;0;4;21;34;43;2;2;3;1;0;0
2;24;4;2;4736;1;2;2;2;0;4;23;25;41;2;1;2;1;0;0
2;30;2;0;2991;5;5;2;2;0;4;23;25;43;2;1;3;1;0;0
4;11;2;5;2142;4;5;1;1;0;2;21;28;43;2;1;3;1;1;0
1;24;1;5;3161;1;3;4;3;0;2;22;31;43;1;1;3;1;1;0
2;48;0;9;18424;1;3;1;2;0;2;22;32;41;2;1;4;1;1;1
4;10;2;4;2848;2;3;1;3;2;2;21;32;43;2;1;3;2;0;0
1;6;2;3;14896;1;5;1;3;0;4;24;68;41;2;1;4;1;1;0
1;24;2;2;2359;2;1;1;1;0;1;22;33;43;2;1;3;1;0;0
1;24;2;2;3345;1;5;4;3;0;2;22;39;43;1;1;4;1;1;0
4;18;4;2;1817;1;3;4;2;0;2;24;28;43;2;2;3;1;0;0
4;48;3;0;12749;3;4;4;3;0;1;23;37;43;2;1;4;1;1;0
1;9;2;0;1366;1;2;3;2;0;4;22;22;43;1;1;3;1;0;0
2;12;2;3;2002;1;4;3;3;0;4;22;30;43;1;1;3;2;1;0
1;24;1;2;6872;1;2;2;1;0;1;22;55;41;2;1;3;1;1;0
1;12;1;3;697;1;2;4;3;0;2;23;46;41;2;2;3;1;1;0
1;18;4;2;1049;1;2;4;2;0;4;22;21;43;1;1;3;1;0;0
1;48;2;4;10297;1;4;4;3;0;4;24;39;42;3;3;3;2;1;0
4;30;2;0;1867;5;5;4;3;0;4;23;58;43;2;1;3;1;1;0
1;12;3;3;1344;1;3;4;3;0;2;21;43;43;2;2;2;2;0;0
1;24;2;2;1747;1;2;4;3;2;1;22;24;43;2;1;2;1;0;1
2;9;2;0;1670;1;2;4;2;0;2;23;22;43;2;1;3;1;1;0
4;9;4;3;1224;1;3;3;3;0;1;21;30;43;2;2;3;1;0;0
4;12;4;0;522;3;5;4;3;0;4;22;42;43;2;2;3;2;1;0
1;12;2;0;1498;1;3;4;2;0;1;23;23;41;2;1;3;1;0;0
2;30;3;0;1919;2;2;4;3;0;3;24;30;42;2;2;4;1;0;0
3;9;2;0;745;1;3;3;2;0;2;21;28;43;2;1;2;1;0;0
2;6;2;0;2063;1;2;4;4;0;3;23;30;43;1;1;4;1;1;0
2;60;2;1;6288;1;3;4;3;0;4;24;42;43;3;1;3;1;0;0
4;24;4;4;6842;5;3;2;3;0;4;22;46;43;2;2;4;2;1;0
4;12;2;3;3527;5;2;2;3;0;3;22;45;43;2;1;4;2;1;0
4;10;2;3;1546;1;3;3;3;0;2;21;31;43;2;1;2;2;0;1
4;24;2;2;929;5;4;4;3;0;2;23;31;42;2;1;3;1;1;0
4;4;4;3;1455;1;4;2;3;0;1;21;42;43;2;3;2;2;0;0
1;15;2;2;1845;1;2;4;2;1;1;22;46;43;1;1;3;1;0;0
2;48;0;3;8358;3;2;1;2;0;1;23;30;43;2;2;3;1;0;0
1;24;1;2;3349;3;2;4;3;0;4;24;30;43;3;1;3;2;1;0
4;12;2;3;2859;5;1;4;3;0;4;24;38;43;2;1;4;1;1;0
4;18;2;2;1533;1;2;4;4;2;1;22;43;43;2;1;2;2;0;0
4;24;2;0;3621;2;5;2;3;0;4;23;31;43;2;2;3;1;0;0
2;18;4;5;3590;1;1;3;4;0;3;23;40;43;2;3;1;2;1;0
1;36;3;5;2145;1;4;2;3;0;1;23;24;43;2;2;3;1;1;0
2;24;2;4;4113;3;2;3;2;0;4;23;28;43;1;1;3;1;0;0
4;36;2;2;10974;1;1;4;2;0;2;23;26;43;2;2;4;1;1;0
1;12;2;3;1893;1;3;4;2;1;4;22;29;43;2;1;3;1;1;0
1;24;4;0;1231;4;5;4;2;0;4;22;57;43;1;2;4;1;1;0
3;30;4;0;3656;5;5;4;3;0;4;22;49;42;2;2;2;1;0;0
2;9;4;0;1154;1;5;2;3;0;4;21;37;43;2;3;2;1;0;0
1;28;2;3;4006;1;3;3;3;0;2;23;45;43;2;1;2;1;0;0
2;24;2;2;3069;2;5;4;3;0;4;24;30;43;3;1;3;1;0;0
4;6;4;0;1740;1;5;2;4;0;2;21;30;43;1;2;3;1;0;0
2;21;3;3;2353;1;3;1;1;0;4;22;47;43;2;2;3;1;0;0
4;15;2;3;3556;5;3;3;3;0;2;24;29;43;2;1;3;1;0;0
4;24;2;0;2397;3;5;3;3;0;2;23;35;41;2;2;3;1;1;0
2;6;2;7;454;1;2;3;4;0;1;22;22;43;2;1;2;1;0;0
2;30;2;0;1715;5;3;4;2;0;1;23;26;43;2;1;3;1;0;0
2;27;4;0;2520;3;3;4;3;0;2;22;23;43;2;2;2;1;0;0
4;15;2;0;3568;1;5;4;2;0;2;23;54;41;1;1;4;1;1;0
4;42;2;0;7166;5;4;2;4;0;4;22;29;43;1;1;3;1;1;0
1;11;4;3;3939;1;3;1;3;0;2;21;40;43;2;2;2;2;0;0
2;15;2;7;1514;2;3;4;3;1;2;21;22;43;2;1;3;1;0;0
4;24;2;3;7393;1;3;1;3;0;4;22;43;43;2;1;2;2;0;0
1;24;1;3;1193;1;1;1;2;2;4;24;29;43;1;2;1;1;0;0
1;60;2;5;7297;1;5;4;3;2;4;24;36;43;1;1;3;1;0;0
4;30;4;0;2831;1;3;4;2;0;2;23;33;43;2;1;3;1;1;0
3;24;2;0;1258;3;3;3;2;0;3;23;57;43;2;1;2;1;0;0
2;6;2;0;753;1;3;2;2;1;3;21;64;43;2;1;3;1;0;0
2;18;3;5;2427;5;5;4;3;0;2;22;42;43;2;2;3;1;0;0
4;24;3;3;2538;1;5;4;3;0;4;23;47;43;2;2;2;2;0;0
2;15;1;3;1264;2;3;2;4;0;2;22;25;43;1;1;3;1;0;0
2;30;4;2;8386;1;4;2;3;0;2;22;49;43;2;1;3;1;0;0
4;48;2;5;4844;1;1;3;3;0;2;23;33;41;1;1;4;1;1;0
3;21;2;3;2923;2;3;1;2;0;1;23;28;41;2;1;4;1;1;0
1;36;2;4;8229;1;3;2;3;0;2;22;26;43;2;1;3;2;0;0
4;24;4;2;2028;1;4;2;3;0;2;22;30;43;2;2;2;1;0;0
1;15;4;2;1433;1;3;4;2;0;3;22;25;43;1;2;3;1;0;0
3;42;0;5;6289;1;2;2;1;0;1;22;33;43;2;2;3;1;0;0
4;13;2;0;1409;2;1;2;2;0;4;21;64;43;2;1;3;1;0;0
1;24;2;4;6579;1;1;4;3;0;2;24;29;43;3;1;4;1;1;0
2;24;4;0;1743;1;5;4;3;0;2;22;48;43;2;2;2;1;0;0
4;12;4;1;3565;5;2;2;3;0;1;22;37;43;2;2;2;2;0;0
4;15;1;0;1569;2;5;4;3;0;4;23;34;41;2;1;2;2;0;0
1;18;2;0;1936;5;4;2;4;0;4;23;23;43;1;2;2;1;0;0
1;36;2;2;3959;1;1;4;3;0;3;22;30;43;2;1;4;1;1;0
4;12;2;3;2390;5;5;4;3;0;3;23;50;43;2;1;3;1;1;0
4;12;2;2;1736;1;4;3;2;0;4;21;31;43;2;1;2;1;0;0
1;30;2;4;3857;1;3;4;1;0;4;22;40;43;2;1;4;1;1;0
4;12;2;0;804;1;5;4;3;0;4;23;38;43;2;1;3;1;0;0
1;45;2;0;1845;1;3;4;3;0;4;24;23;43;3;1;3;1;1;0
2;45;4;4;4576;2;1;3;3;0;4;23;27;43;2;1;3;1;0;0
